name,node_id,zone_id,node_type,control_type,x_coord,y_coord
,1000601,1,,,0,0
,1000602,1,,,0,0
,1000603,1,,,0,0
,1000604,1,,,0,0
,1000605,1,,,0,0
,1000606,1,,,0,0
,1000607,1,,,0,0
,1000608,1,,,0,0
,1000609,1,,,0,0
,1000610,1,,,0,0
,1000611,1,,,0,0
,1000612,1,,,0,0
,1000613,1,,,0,0
,1000614,1,,,0,0
,1000615,1,,,0,0
,1000616,1,,,0,0
,1000617,1,,,0,0
,1000618,1,,,0,0
,1000619,1,,,0,0
,1000620,1,,,0,0
,1000621,1,,,0,0
,1000622,1,,,0,0
,1000623,1,,,0,0
,1000624,1,,,0,0
,1000625,1,,,0,0
,1000626,1,,,0,0
,1000627,1,,,0,0
,1000628,1,,,0,0
,1000629,1,,,0,0
,1000630,1,,,0,0
,1000631,1,,,0,0
,1000632,1,,,0,0
,1000633,1,,,0,0
,1000634,1,,,0,0
,1000635,1,,,0,0
,1000636,1,,,0,0
,1000637,1,,,0,0
,1000638,1,,,0,0
,1000639,1,,,0,0
,1000640,1,,,0,0
,1000641,1,,,0,0
,1000642,1,,,0,0
,1000643,1,,,0,0
,1000644,1,,,0,0
,1000645,1,,,0,0
,1000646,1,,,0,0
,1000647,1,,,0,0
,1000648,1,,,0,0
,1000649,1,,,0,0
,1000650,1,,,0,0
,1000651,1,,,0,0
,1000652,1,,,0,0
,1000653,1,,,0,0
,1000654,1,,,0,0
,1000655,1,,,0,0
,1000656,1,,,0,0
,1000657,1,,,0,0
,1000658,1,,,0,0
,1000659,1,,,0,0
,1000700,1,,,0,0
,1000701,1,,,0,0
,1000702,1,,,0,0
,1000703,1,,,0,0
,1000704,1,,,0,0
,1000705,1,,,0,0
,1000706,1,,,0,0
,1000707,1,,,0,0
,1000708,1,,,0,0
,1000709,1,,,0,0
,1000710,1,,,0,0
,1000711,1,,,0,0
,1000712,1,,,0,0
,1000713,1,,,0,0
,1000714,1,,,0,0
,1000715,1,,,0,0
,1000716,1,,,0,0
,1000717,1,,,0,0
,1000718,1,,,0,0
,1000719,1,,,0,0
,1000720,1,,,0,0
,1000721,1,,,0,0
,1000722,1,,,0,0
,1000723,1,,,0,0
,1000724,1,,,0,0
,1000725,1,,,0,0
,1000726,1,,,0,0
,1000727,1,,,0,0
,1000728,1,,,0,0
,1000729,1,,,0,0
,1000730,1,,,0,0
,1000731,1,,,0,0
,1000732,1,,,0,0
,1000733,1,,,0,0
,1000734,1,,,0,0
,1000735,1,,,0,0
,1000736,1,,,0,0
,1000737,1,,,0,0
,1000738,1,,,0,0
,1000739,1,,,0,0
,1000740,1,,,0,0
,1000741,1,,,0,0
,1000742,1,,,0,0
,1000743,1,,,0,0
,1000744,1,,,0,0
,1000745,1,,,0,0
,1000746,1,,,0,0
,1000747,1,,,0,0
,1000748,1,,,0,0
,1000749,1,,,0,0
,1000750,1,,,0,0
,1000751,1,,,0,0
,1000752,1,,,0,0
,1000753,1,,,0,0
,1000754,1,,,0,0
,1000755,1,,,0,0
,1000756,1,,,0,0
,1000757,1,,,0,0
,1000758,1,,,0,0
,1000759,1,,,0,0
,1000800,1,,,0,0
,1000801,1,,,0,0
,1000802,1,,,0,0
,1000803,1,,,0,0
,1000804,1,,,0,0
,1000805,1,,,0,0
,1000806,1,,,0,0
,1000807,1,,,0,0
,1000808,1,,,0,0
,1000809,1,,,0,0
,1000810,1,,,0,0
,1000811,1,,,0,0
,1000812,1,,,0,0
,1000813,1,,,0,0
,1000814,1,,,0,0
,1000815,1,,,0,0
,1000816,1,,,0,0
,1000817,1,,,0,0
,1000818,1,,,0,0
,1000819,1,,,0,0
,1000820,1,,,0,0
,1000821,1,,,0,0
,1000822,1,,,0,0
,1000823,1,,,0,0
,1000824,1,,,0,0
,1000825,1,,,0,0
,1000826,1,,,0,0
,1000827,1,,,0,0
,1000828,1,,,0,0
,1000829,1,,,0,0
,1000830,1,,,0,0
,1000831,1,,,0,0
,1000832,1,,,0,0
,1000833,1,,,0,0
,1000834,1,,,0,0
,1000835,1,,,0,0
,1000836,1,,,0,0
,1000837,1,,,0,0
,1000838,1,,,0,0
,1000839,1,,,0,0
,1000840,1,,,0,0
,1000841,1,,,0,0
,1000842,1,,,0,0
,1000843,1,,,0,0
,1000844,1,,,0,0
,1000845,1,,,0,0
,1000846,1,,,0,0
,1000847,1,,,0,0
,1000848,1,,,0,0
,1000849,1,,,0,0
,1000850,1,,,0,0
,1000851,1,,,0,0
,1000852,1,,,0,0
,1000853,1,,,0,0
,1000854,1,,,0,0
,1000855,1,,,0,0
,1000856,1,,,0,0
,1000857,1,,,0,0
,1000858,1,,,0,0
,1000859,1,,,0,0
,1000900,1,,,0,0
,1000901,1,,,0,0
,1000902,1,,,0,0
,1000903,1,,,0,0
,1000904,1,,,0,0
,1000905,1,,,0,0
,1000906,1,,,0,0
,1000907,1,,,0,0
,1000908,1,,,0,0
,1000909,1,,,0,0
,1000910,1,,,0,0
,1000911,1,,,0,0
,1000912,1,,,0,0
,1000913,1,,,0,0
,1000914,1,,,0,0
,1000915,1,,,0,0
,1000916,1,,,0,0
,1000917,1,,,0,0
,1000918,1,,,0,0
,1000919,1,,,0,0
,1000920,1,,,0,0
,1000921,1,,,0,0
,1000922,1,,,0,0
,1000923,1,,,0,0
,1000924,1,,,0,0
,1000925,1,,,0,0
,1000926,1,,,0,0
,1000927,1,,,0,0
,1000928,1,,,0,0
,1000929,1,,,0,0
,1000930,1,,,0,0
,1000931,1,,,0,0
,1000932,1,,,0,0
,1000933,1,,,0,0
,1000934,1,,,0,0
,1000935,1,,,0,0
,1000936,1,,,0,0
,1000937,1,,,0,0
,1000938,1,,,0,0
,1000939,1,,,0,0
,1000940,1,,,0,0
,1000941,1,,,0,0
,1000942,1,,,0,0
,1000943,1,,,0,0
,1000944,1,,,0,0
,1000945,1,,,0,0
,1000946,1,,,0,0
,1000947,1,,,0,0
,1000948,1,,,0,0
,1000949,1,,,0,0
,1000950,1,,,0,0
,1000951,1,,,0,0
,1000952,1,,,0,0
,1000953,1,,,0,0
,1000954,1,,,0,0
,1000955,1,,,0,0
,1000956,1,,,0,0
,1000957,1,,,0,0
,1000958,1,,,0,0
,1000959,1,,,0,0
,1001000,1,,,0,0
,1001001,1,,,0,0
,1001002,1,,,0,0
,1001003,1,,,0,0
,1001004,1,,,0,0
,1001005,1,,,0,0
,1001006,1,,,0,0
,1001007,1,,,0,0
,1001008,1,,,0,0
,1001009,1,,,0,0
,1001010,1,,,0,0
,1001011,1,,,0,0
,1001012,1,,,0,0
,1001013,1,,,0,0
,1001014,1,,,0,0
,1001015,1,,,0,0
,1001016,1,,,0,0
,1001017,1,,,0,0
,1001018,1,,,0,0
,1001019,1,,,0,0
,1001020,1,,,0,0
,1001021,1,,,0,0
,1001022,1,,,0,0
,1001023,1,,,0,0
,1001024,1,,,0,0
,1001025,1,,,0,0
,1001026,1,,,0,0
,1001027,1,,,0,0
,1001028,1,,,0,0
,1001029,1,,,0,0
,1001030,1,,,0,0
,1001031,1,,,0,0
,1001032,1,,,0,0
,1001033,1,,,0,0
,1001034,1,,,0,0
,1001035,1,,,0,0
,1001036,1,,,0,0
,1001037,1,,,0,0
,1001038,1,,,0,0
,1001039,1,,,0,0
,1001040,1,,,0,0
,1001041,1,,,0,0
,1001042,1,,,0,0
,1001043,1,,,0,0
,1001044,1,,,0,0
,1001045,1,,,0,0
,1001046,1,,,0,0
,1001047,1,,,0,0
,1001048,1,,,0,0
,1001049,1,,,0,0
,1001050,1,,,0,0
,1001051,1,,,0,0
,1001052,1,,,0,0
,1001053,1,,,0,0
,1001054,1,,,0,0
,1001055,1,,,0,0
,1001056,1,,,0,0
,1001057,1,,,0,0
,1001058,1,,,0,0
,1001059,1,,,0,0
,1001100,1,,,0,0
,1001101,1,,,0,0
,1001102,1,,,0,0
,1001103,1,,,0,0
,1001104,1,,,0,0
,1001105,1,,,0,0
,1001106,1,,,0,0
,1001107,1,,,0,0
,1001108,1,,,0,0
,1001109,1,,,0,0
,1001110,1,,,0,0
,1001111,1,,,0,0
,1001112,1,,,0,0
,1001113,1,,,0,0
,1001114,1,,,0,0
,1001115,1,,,0,0
,1001116,1,,,0,0
,1001117,1,,,0,0
,1001118,1,,,0,0
,1001119,1,,,0,0
,1001120,1,,,0,0
,1001121,1,,,0,0
,1001122,1,,,0,0
,1001123,1,,,0,0
,1001124,1,,,0,0
,1001125,1,,,0,0
,1001126,1,,,0,0
,1001127,1,,,0,0
,1001128,1,,,0,0
,1001129,1,,,0,0
,1001130,1,,,0,0
,1001131,1,,,0,0
,1001132,1,,,0,0
,1001133,1,,,0,0
,1001134,1,,,0,0
,1001135,1,,,0,0
,1001136,1,,,0,0
,1001137,1,,,0,0
,1001138,1,,,0,0
,1001139,1,,,0,0
,1001140,1,,,0,0
,1001141,1,,,0,0
,1001142,1,,,0,0
,1001143,1,,,0,0
,1001144,1,,,0,0
,1001145,1,,,0,0
,1001146,1,,,0,0
,1001147,1,,,0,0
,1001148,1,,,0,0
,1001149,1,,,0,0
,1001150,1,,,0,0
,1001151,1,,,0,0
,1001152,1,,,0,0
,1001153,1,,,0,0
,1001154,1,,,0,0
,1001155,1,,,0,0
,1001156,1,,,0,0
,1001157,1,,,0,0
,1001158,1,,,0,0
,1001159,1,,,0,0
,1001200,1,,,0,0
,2000601,2,,,20,20
,2000602,2,,,20,20
,2000603,2,,,20,20
,2000604,2,,,20,20
,2000605,2,,,20,20
,2000606,2,,,20,20
,2000607,2,,,20,20
,2000608,2,,,20,20
,2000609,2,,,20,20
,2000610,2,,,20,20
,2000611,2,,,20,20
,2000612,2,,,20,20
,2000613,2,,,20,20
,2000614,2,,,20,20
,2000615,2,,,20,20
,2000616,2,,,20,20
,2000617,2,,,20,20
,2000618,2,,,20,20
,2000619,2,,,20,20
,2000620,2,,,20,20
,2000621,2,,,20,20
,2000622,2,,,20,20
,2000623,2,,,20,20
,2000624,2,,,20,20
,2000625,2,,,20,20
,2000626,2,,,20,20
,2000627,2,,,20,20
,2000628,2,,,20,20
,2000629,2,,,20,20
,2000630,2,,,20,20
,2000631,2,,,20,20
,2000632,2,,,20,20
,2000633,2,,,20,20
,2000634,2,,,20,20
,2000635,2,,,20,20
,2000636,2,,,20,20
,2000637,2,,,20,20
,2000638,2,,,20,20
,2000639,2,,,20,20
,2000640,2,,,20,20
,2000641,2,,,20,20
,2000642,2,,,20,20
,2000643,2,,,20,20
,2000644,2,,,20,20
,2000645,2,,,20,20
,2000646,2,,,20,20
,2000647,2,,,20,20
,2000648,2,,,20,20
,2000649,2,,,20,20
,2000650,2,,,20,20
,2000651,2,,,20,20
,2000652,2,,,20,20
,2000653,2,,,20,20
,2000654,2,,,20,20
,2000655,2,,,20,20
,2000656,2,,,20,20
,2000657,2,,,20,20
,2000658,2,,,20,20
,2000659,2,,,20,20
,2000700,2,,,20,20
,2000701,2,,,20,20
,2000702,2,,,20,20
,2000703,2,,,20,20
,2000704,2,,,20,20
,2000705,2,,,20,20
,2000706,2,,,20,20
,2000707,2,,,20,20
,2000708,2,,,20,20
,2000709,2,,,20,20
,2000710,2,,,20,20
,2000711,2,,,20,20
,2000712,2,,,20,20
,2000713,2,,,20,20
,2000714,2,,,20,20
,2000715,2,,,20,20
,2000716,2,,,20,20
,2000717,2,,,20,20
,2000718,2,,,20,20
,2000719,2,,,20,20
,2000720,2,,,20,20
,2000721,2,,,20,20
,2000722,2,,,20,20
,2000723,2,,,20,20
,2000724,2,,,20,20
,2000725,2,,,20,20
,2000726,2,,,20,20
,2000727,2,,,20,20
,2000728,2,,,20,20
,2000729,2,,,20,20
,2000730,2,,,20,20
,2000731,2,,,20,20
,2000732,2,,,20,20
,2000733,2,,,20,20
,2000734,2,,,20,20
,2000735,2,,,20,20
,2000736,2,,,20,20
,2000737,2,,,20,20
,2000738,2,,,20,20
,2000739,2,,,20,20
,2000740,2,,,20,20
,2000741,2,,,20,20
,2000742,2,,,20,20
,2000743,2,,,20,20
,2000744,2,,,20,20
,2000745,2,,,20,20
,2000746,2,,,20,20
,2000747,2,,,20,20
,2000748,2,,,20,20
,2000749,2,,,20,20
,2000750,2,,,20,20
,2000751,2,,,20,20
,2000752,2,,,20,20
,2000753,2,,,20,20
,2000754,2,,,20,20
,2000755,2,,,20,20
,2000756,2,,,20,20
,2000757,2,,,20,20
,2000758,2,,,20,20
,2000759,2,,,20,20
,2000800,2,,,20,20
,2000801,2,,,20,20
,2000802,2,,,20,20
,2000803,2,,,20,20
,2000804,2,,,20,20
,2000805,2,,,20,20
,2000806,2,,,20,20
,2000807,2,,,20,20
,2000808,2,,,20,20
,2000809,2,,,20,20
,2000810,2,,,20,20
,2000811,2,,,20,20
,2000812,2,,,20,20
,2000813,2,,,20,20
,2000814,2,,,20,20
,2000815,2,,,20,20
,2000816,2,,,20,20
,2000817,2,,,20,20
,2000818,2,,,20,20
,2000819,2,,,20,20
,2000820,2,,,20,20
,2000821,2,,,20,20
,2000822,2,,,20,20
,2000823,2,,,20,20
,2000824,2,,,20,20
,2000825,2,,,20,20
,2000826,2,,,20,20
,2000827,2,,,20,20
,2000828,2,,,20,20
,2000829,2,,,20,20
,2000830,2,,,20,20
,2000831,2,,,20,20
,2000832,2,,,20,20
,2000833,2,,,20,20
,2000834,2,,,20,20
,2000835,2,,,20,20
,2000836,2,,,20,20
,2000837,2,,,20,20
,2000838,2,,,20,20
,2000839,2,,,20,20
,2000840,2,,,20,20
,2000841,2,,,20,20
,2000842,2,,,20,20
,2000843,2,,,20,20
,2000844,2,,,20,20
,2000845,2,,,20,20
,2000846,2,,,20,20
,2000847,2,,,20,20
,2000848,2,,,20,20
,2000849,2,,,20,20
,2000850,2,,,20,20
,2000851,2,,,20,20
,2000852,2,,,20,20
,2000853,2,,,20,20
,2000854,2,,,20,20
,2000855,2,,,20,20
,2000856,2,,,20,20
,2000857,2,,,20,20
,2000858,2,,,20,20
,2000859,2,,,20,20
,2000900,2,,,20,20
,2000901,2,,,20,20
,2000902,2,,,20,20
,2000903,2,,,20,20
,2000904,2,,,20,20
,2000905,2,,,20,20
,2000906,2,,,20,20
,2000907,2,,,20,20
,2000908,2,,,20,20
,2000909,2,,,20,20
,2000910,2,,,20,20
,2000911,2,,,20,20
,2000912,2,,,20,20
,2000913,2,,,20,20
,2000914,2,,,20,20
,2000915,2,,,20,20
,2000916,2,,,20,20
,2000917,2,,,20,20
,2000918,2,,,20,20
,2000919,2,,,20,20
,2000920,2,,,20,20
,2000921,2,,,20,20
,2000922,2,,,20,20
,2000923,2,,,20,20
,2000924,2,,,20,20
,2000925,2,,,20,20
,2000926,2,,,20,20
,2000927,2,,,20,20
,2000928,2,,,20,20
,2000929,2,,,20,20
,2000930,2,,,20,20
,2000931,2,,,20,20
,2000932,2,,,20,20
,2000933,2,,,20,20
,2000934,2,,,20,20
,2000935,2,,,20,20
,2000936,2,,,20,20
,2000937,2,,,20,20
,2000938,2,,,20,20
,2000939,2,,,20,20
,2000940,2,,,20,20
,2000941,2,,,20,20
,2000942,2,,,20,20
,2000943,2,,,20,20
,2000944,2,,,20,20
,2000945,2,,,20,20
,2000946,2,,,20,20
,2000947,2,,,20,20
,2000948,2,,,20,20
,2000949,2,,,20,20
,2000950,2,,,20,20
,2000951,2,,,20,20
,2000952,2,,,20,20
,2000953,2,,,20,20
,2000954,2,,,20,20
,2000955,2,,,20,20
,2000956,2,,,20,20
,2000957,2,,,20,20
,2000958,2,,,20,20
,2000959,2,,,20,20
,2001000,2,,,20,20
,2001001,2,,,20,20
,2001002,2,,,20,20
,2001003,2,,,20,20
,2001004,2,,,20,20
,2001005,2,,,20,20
,2001006,2,,,20,20
,2001007,2,,,20,20
,2001008,2,,,20,20
,2001009,2,,,20,20
,2001010,2,,,20,20
,2001011,2,,,20,20
,2001012,2,,,20,20
,2001013,2,,,20,20
,2001014,2,,,20,20
,2001015,2,,,20,20
,2001016,2,,,20,20
,2001017,2,,,20,20
,2001018,2,,,20,20
,2001019,2,,,20,20
,2001020,2,,,20,20
,2001021,2,,,20,20
,2001022,2,,,20,20
,2001023,2,,,20,20
,2001024,2,,,20,20
,2001025,2,,,20,20
,2001026,2,,,20,20
,2001027,2,,,20,20
,2001028,2,,,20,20
,2001029,2,,,20,20
,2001030,2,,,20,20
,2001031,2,,,20,20
,2001032,2,,,20,20
,2001033,2,,,20,20
,2001034,2,,,20,20
,2001035,2,,,20,20
,2001036,2,,,20,20
,2001037,2,,,20,20
,2001038,2,,,20,20
,2001039,2,,,20,20
,2001040,2,,,20,20
,2001041,2,,,20,20
,2001042,2,,,20,20
,2001043,2,,,20,20
,2001044,2,,,20,20
,2001045,2,,,20,20
,2001046,2,,,20,20
,2001047,2,,,20,20
,2001048,2,,,20,20
,2001049,2,,,20,20
,2001050,2,,,20,20
,2001051,2,,,20,20
,2001052,2,,,20,20
,2001053,2,,,20,20
,2001054,2,,,20,20
,2001055,2,,,20,20
,2001056,2,,,20,20
,2001057,2,,,20,20
,2001058,2,,,20,20
,2001059,2,,,20,20
,2001100,2,,,20,20
,2001101,2,,,20,20
,2001102,2,,,20,20
,2001103,2,,,20,20
,2001104,2,,,20,20
,2001105,2,,,20,20
,2001106,2,,,20,20
,2001107,2,,,20,20
,2001108,2,,,20,20
,2001109,2,,,20,20
,2001110,2,,,20,20
,2001111,2,,,20,20
,2001112,2,,,20,20
,2001113,2,,,20,20
,2001114,2,,,20,20
,2001115,2,,,20,20
,2001116,2,,,20,20
,2001117,2,,,20,20
,2001118,2,,,20,20
,2001119,2,,,20,20
,2001120,2,,,20,20
,2001121,2,,,20,20
,2001122,2,,,20,20
,2001123,2,,,20,20
,2001124,2,,,20,20
,2001125,2,,,20,20
,2001126,2,,,20,20
,2001127,2,,,20,20
,2001128,2,,,20,20
,2001129,2,,,20,20
,2001130,2,,,20,20
,2001131,2,,,20,20
,2001132,2,,,20,20
,2001133,2,,,20,20
,2001134,2,,,20,20
,2001135,2,,,20,20
,2001136,2,,,20,20
,2001137,2,,,20,20
,2001138,2,,,20,20
,2001139,2,,,20,20
,2001140,2,,,20,20
,2001141,2,,,20,20
,2001142,2,,,20,20
,2001143,2,,,20,20
,2001144,2,,,20,20
,2001145,2,,,20,20
,2001146,2,,,20,20
,2001147,2,,,20,20
,2001148,2,,,20,20
,2001149,2,,,20,20
,2001150,2,,,20,20
,2001151,2,,,20,20
,2001152,2,,,20,20
,2001153,2,,,20,20
,2001154,2,,,20,20
,2001155,2,,,20,20
,2001156,2,,,20,20
,2001157,2,,,20,20
,2001158,2,,,20,20
,2001159,2,,,20,20
,2001200,2,,,20,20
,3000601,3,,,20,-20
,3000602,3,,,20,-20
,3000603,3,,,20,-20
,3000604,3,,,20,-20
,3000605,3,,,20,-20
,3000606,3,,,20,-20
,3000607,3,,,20,-20
,3000608,3,,,20,-20
,3000609,3,,,20,-20
,3000610,3,,,20,-20
,3000611,3,,,20,-20
,3000612,3,,,20,-20
,3000613,3,,,20,-20
,3000614,3,,,20,-20
,3000615,3,,,20,-20
,3000616,3,,,20,-20
,3000617,3,,,20,-20
,3000618,3,,,20,-20
,3000619,3,,,20,-20
,3000620,3,,,20,-20
,3000621,3,,,20,-20
,3000622,3,,,20,-20
,3000623,3,,,20,-20
,3000624,3,,,20,-20
,3000625,3,,,20,-20
,3000626,3,,,20,-20
,3000627,3,,,20,-20
,3000628,3,,,20,-20
,3000629,3,,,20,-20
,3000630,3,,,20,-20
,3000631,3,,,20,-20
,3000632,3,,,20,-20
,3000633,3,,,20,-20
,3000634,3,,,20,-20
,3000635,3,,,20,-20
,3000636,3,,,20,-20
,3000637,3,,,20,-20
,3000638,3,,,20,-20
,3000639,3,,,20,-20
,3000640,3,,,20,-20
,3000641,3,,,20,-20
,3000642,3,,,20,-20
,3000643,3,,,20,-20
,3000644,3,,,20,-20
,3000645,3,,,20,-20
,3000646,3,,,20,-20
,3000647,3,,,20,-20
,3000648,3,,,20,-20
,3000649,3,,,20,-20
,3000650,3,,,20,-20
,3000651,3,,,20,-20
,3000652,3,,,20,-20
,3000653,3,,,20,-20
,3000654,3,,,20,-20
,3000655,3,,,20,-20
,3000656,3,,,20,-20
,3000657,3,,,20,-20
,3000658,3,,,20,-20
,3000659,3,,,20,-20
,3000700,3,,,20,-20
,3000701,3,,,20,-20
,3000702,3,,,20,-20
,3000703,3,,,20,-20
,3000704,3,,,20,-20
,3000705,3,,,20,-20
,3000706,3,,,20,-20
,3000707,3,,,20,-20
,3000708,3,,,20,-20
,3000709,3,,,20,-20
,3000710,3,,,20,-20
,3000711,3,,,20,-20
,3000712,3,,,20,-20
,3000713,3,,,20,-20
,3000714,3,,,20,-20
,3000715,3,,,20,-20
,3000716,3,,,20,-20
,3000717,3,,,20,-20
,3000718,3,,,20,-20
,3000719,3,,,20,-20
,3000720,3,,,20,-20
,3000721,3,,,20,-20
,3000722,3,,,20,-20
,3000723,3,,,20,-20
,3000724,3,,,20,-20
,3000725,3,,,20,-20
,3000726,3,,,20,-20
,3000727,3,,,20,-20
,3000728,3,,,20,-20
,3000729,3,,,20,-20
,3000730,3,,,20,-20
,3000731,3,,,20,-20
,3000732,3,,,20,-20
,3000733,3,,,20,-20
,3000734,3,,,20,-20
,3000735,3,,,20,-20
,3000736,3,,,20,-20
,3000737,3,,,20,-20
,3000738,3,,,20,-20
,3000739,3,,,20,-20
,3000740,3,,,20,-20
,3000741,3,,,20,-20
,3000742,3,,,20,-20
,3000743,3,,,20,-20
,3000744,3,,,20,-20
,3000745,3,,,20,-20
,3000746,3,,,20,-20
,3000747,3,,,20,-20
,3000748,3,,,20,-20
,3000749,3,,,20,-20
,3000750,3,,,20,-20
,3000751,3,,,20,-20
,3000752,3,,,20,-20
,3000753,3,,,20,-20
,3000754,3,,,20,-20
,3000755,3,,,20,-20
,3000756,3,,,20,-20
,3000757,3,,,20,-20
,3000758,3,,,20,-20
,3000759,3,,,20,-20
,3000800,3,,,20,-20
,3000801,3,,,20,-20
,3000802,3,,,20,-20
,3000803,3,,,20,-20
,3000804,3,,,20,-20
,3000805,3,,,20,-20
,3000806,3,,,20,-20
,3000807,3,,,20,-20
,3000808,3,,,20,-20
,3000809,3,,,20,-20
,3000810,3,,,20,-20
,3000811,3,,,20,-20
,3000812,3,,,20,-20
,3000813,3,,,20,-20
,3000814,3,,,20,-20
,3000815,3,,,20,-20
,3000816,3,,,20,-20
,3000817,3,,,20,-20
,3000818,3,,,20,-20
,3000819,3,,,20,-20
,3000820,3,,,20,-20
,3000821,3,,,20,-20
,3000822,3,,,20,-20
,3000823,3,,,20,-20
,3000824,3,,,20,-20
,3000825,3,,,20,-20
,3000826,3,,,20,-20
,3000827,3,,,20,-20
,3000828,3,,,20,-20
,3000829,3,,,20,-20
,3000830,3,,,20,-20
,3000831,3,,,20,-20
,3000832,3,,,20,-20
,3000833,3,,,20,-20
,3000834,3,,,20,-20
,3000835,3,,,20,-20
,3000836,3,,,20,-20
,3000837,3,,,20,-20
,3000838,3,,,20,-20
,3000839,3,,,20,-20
,3000840,3,,,20,-20
,3000841,3,,,20,-20
,3000842,3,,,20,-20
,3000843,3,,,20,-20
,3000844,3,,,20,-20
,3000845,3,,,20,-20
,3000846,3,,,20,-20
,3000847,3,,,20,-20
,3000848,3,,,20,-20
,3000849,3,,,20,-20
,3000850,3,,,20,-20
,3000851,3,,,20,-20
,3000852,3,,,20,-20
,3000853,3,,,20,-20
,3000854,3,,,20,-20
,3000855,3,,,20,-20
,3000856,3,,,20,-20
,3000857,3,,,20,-20
,3000858,3,,,20,-20
,3000859,3,,,20,-20
,3000900,3,,,20,-20
,3000901,3,,,20,-20
,3000902,3,,,20,-20
,3000903,3,,,20,-20
,3000904,3,,,20,-20
,3000905,3,,,20,-20
,3000906,3,,,20,-20
,3000907,3,,,20,-20
,3000908,3,,,20,-20
,3000909,3,,,20,-20
,3000910,3,,,20,-20
,3000911,3,,,20,-20
,3000912,3,,,20,-20
,3000913,3,,,20,-20
,3000914,3,,,20,-20
,3000915,3,,,20,-20
,3000916,3,,,20,-20
,3000917,3,,,20,-20
,3000918,3,,,20,-20
,3000919,3,,,20,-20
,3000920,3,,,20,-20
,3000921,3,,,20,-20
,3000922,3,,,20,-20
,3000923,3,,,20,-20
,3000924,3,,,20,-20
,3000925,3,,,20,-20
,3000926,3,,,20,-20
,3000927,3,,,20,-20
,3000928,3,,,20,-20
,3000929,3,,,20,-20
,3000930,3,,,20,-20
,3000931,3,,,20,-20
,3000932,3,,,20,-20
,3000933,3,,,20,-20
,3000934,3,,,20,-20
,3000935,3,,,20,-20
,3000936,3,,,20,-20
,3000937,3,,,20,-20
,3000938,3,,,20,-20
,3000939,3,,,20,-20
,3000940,3,,,20,-20
,3000941,3,,,20,-20
,3000942,3,,,20,-20
,3000943,3,,,20,-20
,3000944,3,,,20,-20
,3000945,3,,,20,-20
,3000946,3,,,20,-20
,3000947,3,,,20,-20
,3000948,3,,,20,-20
,3000949,3,,,20,-20
,3000950,3,,,20,-20
,3000951,3,,,20,-20
,3000952,3,,,20,-20
,3000953,3,,,20,-20
,3000954,3,,,20,-20
,3000955,3,,,20,-20
,3000956,3,,,20,-20
,3000957,3,,,20,-20
,3000958,3,,,20,-20
,3000959,3,,,20,-20
,3001000,3,,,20,-20
,3001001,3,,,20,-20
,3001002,3,,,20,-20
,3001003,3,,,20,-20
,3001004,3,,,20,-20
,3001005,3,,,20,-20
,3001006,3,,,20,-20
,3001007,3,,,20,-20
,3001008,3,,,20,-20
,3001009,3,,,20,-20
,3001010,3,,,20,-20
,3001011,3,,,20,-20
,3001012,3,,,20,-20
,3001013,3,,,20,-20
,3001014,3,,,20,-20
,3001015,3,,,20,-20
,3001016,3,,,20,-20
,3001017,3,,,20,-20
,3001018,3,,,20,-20
,3001019,3,,,20,-20
,3001020,3,,,20,-20
,3001021,3,,,20,-20
,3001022,3,,,20,-20
,3001023,3,,,20,-20
,3001024,3,,,20,-20
,3001025,3,,,20,-20
,3001026,3,,,20,-20
,3001027,3,,,20,-20
,3001028,3,,,20,-20
,3001029,3,,,20,-20
,3001030,3,,,20,-20
,3001031,3,,,20,-20
,3001032,3,,,20,-20
,3001033,3,,,20,-20
,3001034,3,,,20,-20
,3001035,3,,,20,-20
,3001036,3,,,20,-20
,3001037,3,,,20,-20
,3001038,3,,,20,-20
,3001039,3,,,20,-20
,3001040,3,,,20,-20
,3001041,3,,,20,-20
,3001042,3,,,20,-20
,3001043,3,,,20,-20
,3001044,3,,,20,-20
,3001045,3,,,20,-20
,3001046,3,,,20,-20
,3001047,3,,,20,-20
,3001048,3,,,20,-20
,3001049,3,,,20,-20
,3001050,3,,,20,-20
,3001051,3,,,20,-20
,3001052,3,,,20,-20
,3001053,3,,,20,-20
,3001054,3,,,20,-20
,3001055,3,,,20,-20
,3001056,3,,,20,-20
,3001057,3,,,20,-20
,3001058,3,,,20,-20
,3001059,3,,,20,-20
,3001100,3,,,20,-20
,3001101,3,,,20,-20
,3001102,3,,,20,-20
,3001103,3,,,20,-20
,3001104,3,,,20,-20
,3001105,3,,,20,-20
,3001106,3,,,20,-20
,3001107,3,,,20,-20
,3001108,3,,,20,-20
,3001109,3,,,20,-20
,3001110,3,,,20,-20
,3001111,3,,,20,-20
,3001112,3,,,20,-20
,3001113,3,,,20,-20
,3001114,3,,,20,-20
,3001115,3,,,20,-20
,3001116,3,,,20,-20
,3001117,3,,,20,-20
,3001118,3,,,20,-20
,3001119,3,,,20,-20
,3001120,3,,,20,-20
,3001121,3,,,20,-20
,3001122,3,,,20,-20
,3001123,3,,,20,-20
,3001124,3,,,20,-20
,3001125,3,,,20,-20
,3001126,3,,,20,-20
,3001127,3,,,20,-20
,3001128,3,,,20,-20
,3001129,3,,,20,-20
,3001130,3,,,20,-20
,3001131,3,,,20,-20
,3001132,3,,,20,-20
,3001133,3,,,20,-20
,3001134,3,,,20,-20
,3001135,3,,,20,-20
,3001136,3,,,20,-20
,3001137,3,,,20,-20
,3001138,3,,,20,-20
,3001139,3,,,20,-20
,3001140,3,,,20,-20
,3001141,3,,,20,-20
,3001142,3,,,20,-20
,3001143,3,,,20,-20
,3001144,3,,,20,-20
,3001145,3,,,20,-20
,3001146,3,,,20,-20
,3001147,3,,,20,-20
,3001148,3,,,20,-20
,3001149,3,,,20,-20
,3001150,3,,,20,-20
,3001151,3,,,20,-20
,3001152,3,,,20,-20
,3001153,3,,,20,-20
,3001154,3,,,20,-20
,3001155,3,,,20,-20
,3001156,3,,,20,-20
,3001157,3,,,20,-20
,3001158,3,,,20,-20
,3001159,3,,,20,-20
,3001200,3,,,20,-20
,4000601,4,,,120,20
,4000602,4,,,120,20
,4000603,4,,,120,20
,4000604,4,,,120,20
,4000605,4,,,120,20
,4000606,4,,,120,20
,4000607,4,,,120,20
,4000608,4,,,120,20
,4000609,4,,,120,20
,4000610,4,,,120,20
,4000611,4,,,120,20
,4000612,4,,,120,20
,4000613,4,,,120,20
,4000614,4,,,120,20
,4000615,4,,,120,20
,4000616,4,,,120,20
,4000617,4,,,120,20
,4000618,4,,,120,20
,4000619,4,,,120,20
,4000620,4,,,120,20
,4000621,4,,,120,20
,4000622,4,,,120,20
,4000623,4,,,120,20
,4000624,4,,,120,20
,4000625,4,,,120,20
,4000626,4,,,120,20
,4000627,4,,,120,20
,4000628,4,,,120,20
,4000629,4,,,120,20
,4000630,4,,,120,20
,4000631,4,,,120,20
,4000632,4,,,120,20
,4000633,4,,,120,20
,4000634,4,,,120,20
,4000635,4,,,120,20
,4000636,4,,,120,20
,4000637,4,,,120,20
,4000638,4,,,120,20
,4000639,4,,,120,20
,4000640,4,,,120,20
,4000641,4,,,120,20
,4000642,4,,,120,20
,4000643,4,,,120,20
,4000644,4,,,120,20
,4000645,4,,,120,20
,4000646,4,,,120,20
,4000647,4,,,120,20
,4000648,4,,,120,20
,4000649,4,,,120,20
,4000650,4,,,120,20
,4000651,4,,,120,20
,4000652,4,,,120,20
,4000653,4,,,120,20
,4000654,4,,,120,20
,4000655,4,,,120,20
,4000656,4,,,120,20
,4000657,4,,,120,20
,4000658,4,,,120,20
,4000659,4,,,120,20
,4000700,4,,,120,20
,4000701,4,,,120,20
,4000702,4,,,120,20
,4000703,4,,,120,20
,4000704,4,,,120,20
,4000705,4,,,120,20
,4000706,4,,,120,20
,4000707,4,,,120,20
,4000708,4,,,120,20
,4000709,4,,,120,20
,4000710,4,,,120,20
,4000711,4,,,120,20
,4000712,4,,,120,20
,4000713,4,,,120,20
,4000714,4,,,120,20
,4000715,4,,,120,20
,4000716,4,,,120,20
,4000717,4,,,120,20
,4000718,4,,,120,20
,4000719,4,,,120,20
,4000720,4,,,120,20
,4000721,4,,,120,20
,4000722,4,,,120,20
,4000723,4,,,120,20
,4000724,4,,,120,20
,4000725,4,,,120,20
,4000726,4,,,120,20
,4000727,4,,,120,20
,4000728,4,,,120,20
,4000729,4,,,120,20
,4000730,4,,,120,20
,4000731,4,,,120,20
,4000732,4,,,120,20
,4000733,4,,,120,20
,4000734,4,,,120,20
,4000735,4,,,120,20
,4000736,4,,,120,20
,4000737,4,,,120,20
,4000738,4,,,120,20
,4000739,4,,,120,20
,4000740,4,,,120,20
,4000741,4,,,120,20
,4000742,4,,,120,20
,4000743,4,,,120,20
,4000744,4,,,120,20
,4000745,4,,,120,20
,4000746,4,,,120,20
,4000747,4,,,120,20
,4000748,4,,,120,20
,4000749,4,,,120,20
,4000750,4,,,120,20
,4000751,4,,,120,20
,4000752,4,,,120,20
,4000753,4,,,120,20
,4000754,4,,,120,20
,4000755,4,,,120,20
,4000756,4,,,120,20
,4000757,4,,,120,20
,4000758,4,,,120,20
,4000759,4,,,120,20
,4000800,4,,,120,20
,4000801,4,,,120,20
,4000802,4,,,120,20
,4000803,4,,,120,20
,4000804,4,,,120,20
,4000805,4,,,120,20
,4000806,4,,,120,20
,4000807,4,,,120,20
,4000808,4,,,120,20
,4000809,4,,,120,20
,4000810,4,,,120,20
,4000811,4,,,120,20
,4000812,4,,,120,20
,4000813,4,,,120,20
,4000814,4,,,120,20
,4000815,4,,,120,20
,4000816,4,,,120,20
,4000817,4,,,120,20
,4000818,4,,,120,20
,4000819,4,,,120,20
,4000820,4,,,120,20
,4000821,4,,,120,20
,4000822,4,,,120,20
,4000823,4,,,120,20
,4000824,4,,,120,20
,4000825,4,,,120,20
,4000826,4,,,120,20
,4000827,4,,,120,20
,4000828,4,,,120,20
,4000829,4,,,120,20
,4000830,4,,,120,20
,4000831,4,,,120,20
,4000832,4,,,120,20
,4000833,4,,,120,20
,4000834,4,,,120,20
,4000835,4,,,120,20
,4000836,4,,,120,20
,4000837,4,,,120,20
,4000838,4,,,120,20
,4000839,4,,,120,20
,4000840,4,,,120,20
,4000841,4,,,120,20
,4000842,4,,,120,20
,4000843,4,,,120,20
,4000844,4,,,120,20
,4000845,4,,,120,20
,4000846,4,,,120,20
,4000847,4,,,120,20
,4000848,4,,,120,20
,4000849,4,,,120,20
,4000850,4,,,120,20
,4000851,4,,,120,20
,4000852,4,,,120,20
,4000853,4,,,120,20
,4000854,4,,,120,20
,4000855,4,,,120,20
,4000856,4,,,120,20
,4000857,4,,,120,20
,4000858,4,,,120,20
,4000859,4,,,120,20
,4000900,4,,,120,20
,4000901,4,,,120,20
,4000902,4,,,120,20
,4000903,4,,,120,20
,4000904,4,,,120,20
,4000905,4,,,120,20
,4000906,4,,,120,20
,4000907,4,,,120,20
,4000908,4,,,120,20
,4000909,4,,,120,20
,4000910,4,,,120,20
,4000911,4,,,120,20
,4000912,4,,,120,20
,4000913,4,,,120,20
,4000914,4,,,120,20
,4000915,4,,,120,20
,4000916,4,,,120,20
,4000917,4,,,120,20
,4000918,4,,,120,20
,4000919,4,,,120,20
,4000920,4,,,120,20
,4000921,4,,,120,20
,4000922,4,,,120,20
,4000923,4,,,120,20
,4000924,4,,,120,20
,4000925,4,,,120,20
,4000926,4,,,120,20
,4000927,4,,,120,20
,4000928,4,,,120,20
,4000929,4,,,120,20
,4000930,4,,,120,20
,4000931,4,,,120,20
,4000932,4,,,120,20
,4000933,4,,,120,20
,4000934,4,,,120,20
,4000935,4,,,120,20
,4000936,4,,,120,20
,4000937,4,,,120,20
,4000938,4,,,120,20
,4000939,4,,,120,20
,4000940,4,,,120,20
,4000941,4,,,120,20
,4000942,4,,,120,20
,4000943,4,,,120,20
,4000944,4,,,120,20
,4000945,4,,,120,20
,4000946,4,,,120,20
,4000947,4,,,120,20
,4000948,4,,,120,20
,4000949,4,,,120,20
,4000950,4,,,120,20
,4000951,4,,,120,20
,4000952,4,,,120,20
,4000953,4,,,120,20
,4000954,4,,,120,20
,4000955,4,,,120,20
,4000956,4,,,120,20
,4000957,4,,,120,20
,4000958,4,,,120,20
,4000959,4,,,120,20
,4001000,4,,,120,20
,4001001,4,,,120,20
,4001002,4,,,120,20
,4001003,4,,,120,20
,4001004,4,,,120,20
,4001005,4,,,120,20
,4001006,4,,,120,20
,4001007,4,,,120,20
,4001008,4,,,120,20
,4001009,4,,,120,20
,4001010,4,,,120,20
,4001011,4,,,120,20
,4001012,4,,,120,20
,4001013,4,,,120,20
,4001014,4,,,120,20
,4001015,4,,,120,20
,4001016,4,,,120,20
,4001017,4,,,120,20
,4001018,4,,,120,20
,4001019,4,,,120,20
,4001020,4,,,120,20
,4001021,4,,,120,20
,4001022,4,,,120,20
,4001023,4,,,120,20
,4001024,4,,,120,20
,4001025,4,,,120,20
,4001026,4,,,120,20
,4001027,4,,,120,20
,4001028,4,,,120,20
,4001029,4,,,120,20
,4001030,4,,,120,20
,4001031,4,,,120,20
,4001032,4,,,120,20
,4001033,4,,,120,20
,4001034,4,,,120,20
,4001035,4,,,120,20
,4001036,4,,,120,20
,4001037,4,,,120,20
,4001038,4,,,120,20
,4001039,4,,,120,20
,4001040,4,,,120,20
,4001041,4,,,120,20
,4001042,4,,,120,20
,4001043,4,,,120,20
,4001044,4,,,120,20
,4001045,4,,,120,20
,4001046,4,,,120,20
,4001047,4,,,120,20
,4001048,4,,,120,20
,4001049,4,,,120,20
,4001050,4,,,120,20
,4001051,4,,,120,20
,4001052,4,,,120,20
,4001053,4,,,120,20
,4001054,4,,,120,20
,4001055,4,,,120,20
,4001056,4,,,120,20
,4001057,4,,,120,20
,4001058,4,,,120,20
,4001059,4,,,120,20
,4001100,4,,,120,20
,4001101,4,,,120,20
,4001102,4,,,120,20
,4001103,4,,,120,20
,4001104,4,,,120,20
,4001105,4,,,120,20
,4001106,4,,,120,20
,4001107,4,,,120,20
,4001108,4,,,120,20
,4001109,4,,,120,20
,4001110,4,,,120,20
,4001111,4,,,120,20
,4001112,4,,,120,20
,4001113,4,,,120,20
,4001114,4,,,120,20
,4001115,4,,,120,20
,4001116,4,,,120,20
,4001117,4,,,120,20
,4001118,4,,,120,20
,4001119,4,,,120,20
,4001120,4,,,120,20
,4001121,4,,,120,20
,4001122,4,,,120,20
,4001123,4,,,120,20
,4001124,4,,,120,20
,4001125,4,,,120,20
,4001126,4,,,120,20
,4001127,4,,,120,20
,4001128,4,,,120,20
,4001129,4,,,120,20
,4001130,4,,,120,20
,4001131,4,,,120,20
,4001132,4,,,120,20
,4001133,4,,,120,20
,4001134,4,,,120,20
,4001135,4,,,120,20
,4001136,4,,,120,20
,4001137,4,,,120,20
,4001138,4,,,120,20
,4001139,4,,,120,20
,4001140,4,,,120,20
,4001141,4,,,120,20
,4001142,4,,,120,20
,4001143,4,,,120,20
,4001144,4,,,120,20
,4001145,4,,,120,20
,4001146,4,,,120,20
,4001147,4,,,120,20
,4001148,4,,,120,20
,4001149,4,,,120,20
,4001150,4,,,120,20
,4001151,4,,,120,20
,4001152,4,,,120,20
,4001153,4,,,120,20
,4001154,4,,,120,20
,4001155,4,,,120,20
,4001156,4,,,120,20
,4001157,4,,,120,20
,4001158,4,,,120,20
,4001159,4,,,120,20
,4001200,4,,,120,20
,5000601,5,,,120,-20
,5000602,5,,,120,-20
,5000603,5,,,120,-20
,5000604,5,,,120,-20
,5000605,5,,,120,-20
,5000606,5,,,120,-20
,5000607,5,,,120,-20
,5000608,5,,,120,-20
,5000609,5,,,120,-20
,5000610,5,,,120,-20
,5000611,5,,,120,-20
,5000612,5,,,120,-20
,5000613,5,,,120,-20
,5000614,5,,,120,-20
,5000615,5,,,120,-20
,5000616,5,,,120,-20
,5000617,5,,,120,-20
,5000618,5,,,120,-20
,5000619,5,,,120,-20
,5000620,5,,,120,-20
,5000621,5,,,120,-20
,5000622,5,,,120,-20
,5000623,5,,,120,-20
,5000624,5,,,120,-20
,5000625,5,,,120,-20
,5000626,5,,,120,-20
,5000627,5,,,120,-20
,5000628,5,,,120,-20
,5000629,5,,,120,-20
,5000630,5,,,120,-20
,5000631,5,,,120,-20
,5000632,5,,,120,-20
,5000633,5,,,120,-20
,5000634,5,,,120,-20
,5000635,5,,,120,-20
,5000636,5,,,120,-20
,5000637,5,,,120,-20
,5000638,5,,,120,-20
,5000639,5,,,120,-20
,5000640,5,,,120,-20
,5000641,5,,,120,-20
,5000642,5,,,120,-20
,5000643,5,,,120,-20
,5000644,5,,,120,-20
,5000645,5,,,120,-20
,5000646,5,,,120,-20
,5000647,5,,,120,-20
,5000648,5,,,120,-20
,5000649,5,,,120,-20
,5000650,5,,,120,-20
,5000651,5,,,120,-20
,5000652,5,,,120,-20
,5000653,5,,,120,-20
,5000654,5,,,120,-20
,5000655,5,,,120,-20
,5000656,5,,,120,-20
,5000657,5,,,120,-20
,5000658,5,,,120,-20
,5000659,5,,,120,-20
,5000700,5,,,120,-20
,5000701,5,,,120,-20
,5000702,5,,,120,-20
,5000703,5,,,120,-20
,5000704,5,,,120,-20
,5000705,5,,,120,-20
,5000706,5,,,120,-20
,5000707,5,,,120,-20
,5000708,5,,,120,-20
,5000709,5,,,120,-20
,5000710,5,,,120,-20
,5000711,5,,,120,-20
,5000712,5,,,120,-20
,5000713,5,,,120,-20
,5000714,5,,,120,-20
,5000715,5,,,120,-20
,5000716,5,,,120,-20
,5000717,5,,,120,-20
,5000718,5,,,120,-20
,5000719,5,,,120,-20
,5000720,5,,,120,-20
,5000721,5,,,120,-20
,5000722,5,,,120,-20
,5000723,5,,,120,-20
,5000724,5,,,120,-20
,5000725,5,,,120,-20
,5000726,5,,,120,-20
,5000727,5,,,120,-20
,5000728,5,,,120,-20
,5000729,5,,,120,-20
,5000730,5,,,120,-20
,5000731,5,,,120,-20
,5000732,5,,,120,-20
,5000733,5,,,120,-20
,5000734,5,,,120,-20
,5000735,5,,,120,-20
,5000736,5,,,120,-20
,5000737,5,,,120,-20
,5000738,5,,,120,-20
,5000739,5,,,120,-20
,5000740,5,,,120,-20
,5000741,5,,,120,-20
,5000742,5,,,120,-20
,5000743,5,,,120,-20
,5000744,5,,,120,-20
,5000745,5,,,120,-20
,5000746,5,,,120,-20
,5000747,5,,,120,-20
,5000748,5,,,120,-20
,5000749,5,,,120,-20
,5000750,5,,,120,-20
,5000751,5,,,120,-20
,5000752,5,,,120,-20
,5000753,5,,,120,-20
,5000754,5,,,120,-20
,5000755,5,,,120,-20
,5000756,5,,,120,-20
,5000757,5,,,120,-20
,5000758,5,,,120,-20
,5000759,5,,,120,-20
,5000800,5,,,120,-20
,5000801,5,,,120,-20
,5000802,5,,,120,-20
,5000803,5,,,120,-20
,5000804,5,,,120,-20
,5000805,5,,,120,-20
,5000806,5,,,120,-20
,5000807,5,,,120,-20
,5000808,5,,,120,-20
,5000809,5,,,120,-20
,5000810,5,,,120,-20
,5000811,5,,,120,-20
,5000812,5,,,120,-20
,5000813,5,,,120,-20
,5000814,5,,,120,-20
,5000815,5,,,120,-20
,5000816,5,,,120,-20
,5000817,5,,,120,-20
,5000818,5,,,120,-20
,5000819,5,,,120,-20
,5000820,5,,,120,-20
,5000821,5,,,120,-20
,5000822,5,,,120,-20
,5000823,5,,,120,-20
,5000824,5,,,120,-20
,5000825,5,,,120,-20
,5000826,5,,,120,-20
,5000827,5,,,120,-20
,5000828,5,,,120,-20
,5000829,5,,,120,-20
,5000830,5,,,120,-20
,5000831,5,,,120,-20
,5000832,5,,,120,-20
,5000833,5,,,120,-20
,5000834,5,,,120,-20
,5000835,5,,,120,-20
,5000836,5,,,120,-20
,5000837,5,,,120,-20
,5000838,5,,,120,-20
,5000839,5,,,120,-20
,5000840,5,,,120,-20
,5000841,5,,,120,-20
,5000842,5,,,120,-20
,5000843,5,,,120,-20
,5000844,5,,,120,-20
,5000845,5,,,120,-20
,5000846,5,,,120,-20
,5000847,5,,,120,-20
,5000848,5,,,120,-20
,5000849,5,,,120,-20
,5000850,5,,,120,-20
,5000851,5,,,120,-20
,5000852,5,,,120,-20
,5000853,5,,,120,-20
,5000854,5,,,120,-20
,5000855,5,,,120,-20
,5000856,5,,,120,-20
,5000857,5,,,120,-20
,5000858,5,,,120,-20
,5000859,5,,,120,-20
,5000900,5,,,120,-20
,5000901,5,,,120,-20
,5000902,5,,,120,-20
,5000903,5,,,120,-20
,5000904,5,,,120,-20
,5000905,5,,,120,-20
,5000906,5,,,120,-20
,5000907,5,,,120,-20
,5000908,5,,,120,-20
,5000909,5,,,120,-20
,5000910,5,,,120,-20
,5000911,5,,,120,-20
,5000912,5,,,120,-20
,5000913,5,,,120,-20
,5000914,5,,,120,-20
,5000915,5,,,120,-20
,5000916,5,,,120,-20
,5000917,5,,,120,-20
,5000918,5,,,120,-20
,5000919,5,,,120,-20
,5000920,5,,,120,-20
,5000921,5,,,120,-20
,5000922,5,,,120,-20
,5000923,5,,,120,-20
,5000924,5,,,120,-20
,5000925,5,,,120,-20
,5000926,5,,,120,-20
,5000927,5,,,120,-20
,5000928,5,,,120,-20
,5000929,5,,,120,-20
,5000930,5,,,120,-20
,5000931,5,,,120,-20
,5000932,5,,,120,-20
,5000933,5,,,120,-20
,5000934,5,,,120,-20
,5000935,5,,,120,-20
,5000936,5,,,120,-20
,5000937,5,,,120,-20
,5000938,5,,,120,-20
,5000939,5,,,120,-20
,5000940,5,,,120,-20
,5000941,5,,,120,-20
,5000942,5,,,120,-20
,5000943,5,,,120,-20
,5000944,5,,,120,-20
,5000945,5,,,120,-20
,5000946,5,,,120,-20
,5000947,5,,,120,-20
,5000948,5,,,120,-20
,5000949,5,,,120,-20
,5000950,5,,,120,-20
,5000951,5,,,120,-20
,5000952,5,,,120,-20
,5000953,5,,,120,-20
,5000954,5,,,120,-20
,5000955,5,,,120,-20
,5000956,5,,,120,-20
,5000957,5,,,120,-20
,5000958,5,,,120,-20
,5000959,5,,,120,-20
,5001000,5,,,120,-20
,5001001,5,,,120,-20
,5001002,5,,,120,-20
,5001003,5,,,120,-20
,5001004,5,,,120,-20
,5001005,5,,,120,-20
,5001006,5,,,120,-20
,5001007,5,,,120,-20
,5001008,5,,,120,-20
,5001009,5,,,120,-20
,5001010,5,,,120,-20
,5001011,5,,,120,-20
,5001012,5,,,120,-20
,5001013,5,,,120,-20
,5001014,5,,,120,-20
,5001015,5,,,120,-20
,5001016,5,,,120,-20
,5001017,5,,,120,-20
,5001018,5,,,120,-20
,5001019,5,,,120,-20
,5001020,5,,,120,-20
,5001021,5,,,120,-20
,5001022,5,,,120,-20
,5001023,5,,,120,-20
,5001024,5,,,120,-20
,5001025,5,,,120,-20
,5001026,5,,,120,-20
,5001027,5,,,120,-20
,5001028,5,,,120,-20
,5001029,5,,,120,-20
,5001030,5,,,120,-20
,5001031,5,,,120,-20
,5001032,5,,,120,-20
,5001033,5,,,120,-20
,5001034,5,,,120,-20
,5001035,5,,,120,-20
,5001036,5,,,120,-20
,5001037,5,,,120,-20
,5001038,5,,,120,-20
,5001039,5,,,120,-20
,5001040,5,,,120,-20
,5001041,5,,,120,-20
,5001042,5,,,120,-20
,5001043,5,,,120,-20
,5001044,5,,,120,-20
,5001045,5,,,120,-20
,5001046,5,,,120,-20
,5001047,5,,,120,-20
,5001048,5,,,120,-20
,5001049,5,,,120,-20
,5001050,5,,,120,-20
,5001051,5,,,120,-20
,5001052,5,,,120,-20
,5001053,5,,,120,-20
,5001054,5,,,120,-20
,5001055,5,,,120,-20
,5001056,5,,,120,-20
,5001057,5,,,120,-20
,5001058,5,,,120,-20
,5001059,5,,,120,-20
,5001100,5,,,120,-20
,5001101,5,,,120,-20
,5001102,5,,,120,-20
,5001103,5,,,120,-20
,5001104,5,,,120,-20
,5001105,5,,,120,-20
,5001106,5,,,120,-20
,5001107,5,,,120,-20
,5001108,5,,,120,-20
,5001109,5,,,120,-20
,5001110,5,,,120,-20
,5001111,5,,,120,-20
,5001112,5,,,120,-20
,5001113,5,,,120,-20
,5001114,5,,,120,-20
,5001115,5,,,120,-20
,5001116,5,,,120,-20
,5001117,5,,,120,-20
,5001118,5,,,120,-20
,5001119,5,,,120,-20
,5001120,5,,,120,-20
,5001121,5,,,120,-20
,5001122,5,,,120,-20
,5001123,5,,,120,-20
,5001124,5,,,120,-20
,5001125,5,,,120,-20
,5001126,5,,,120,-20
,5001127,5,,,120,-20
,5001128,5,,,120,-20
,5001129,5,,,120,-20
,5001130,5,,,120,-20
,5001131,5,,,120,-20
,5001132,5,,,120,-20
,5001133,5,,,120,-20
,5001134,5,,,120,-20
,5001135,5,,,120,-20
,5001136,5,,,120,-20
,5001137,5,,,120,-20
,5001138,5,,,120,-20
,5001139,5,,,120,-20
,5001140,5,,,120,-20
,5001141,5,,,120,-20
,5001142,5,,,120,-20
,5001143,5,,,120,-20
,5001144,5,,,120,-20
,5001145,5,,,120,-20
,5001146,5,,,120,-20
,5001147,5,,,120,-20
,5001148,5,,,120,-20
,5001149,5,,,120,-20
,5001150,5,,,120,-20
,5001151,5,,,120,-20
,5001152,5,,,120,-20
,5001153,5,,,120,-20
,5001154,5,,,120,-20
,5001155,5,,,120,-20
,5001156,5,,,120,-20
,5001157,5,,,120,-20
,5001158,5,,,120,-20
,5001159,5,,,120,-20
,5001200,5,,,120,-20
,6000601,6,,,140,0
,6000602,6,,,140,0
,6000603,6,,,140,0
,6000604,6,,,140,0
,6000605,6,,,140,0
,6000606,6,,,140,0
,6000607,6,,,140,0
,6000608,6,,,140,0
,6000609,6,,,140,0
,6000610,6,,,140,0
,6000611,6,,,140,0
,6000612,6,,,140,0
,6000613,6,,,140,0
,6000614,6,,,140,0
,6000615,6,,,140,0
,6000616,6,,,140,0
,6000617,6,,,140,0
,6000618,6,,,140,0
,6000619,6,,,140,0
,6000620,6,,,140,0
,6000621,6,,,140,0
,6000622,6,,,140,0
,6000623,6,,,140,0
,6000624,6,,,140,0
,6000625,6,,,140,0
,6000626,6,,,140,0
,6000627,6,,,140,0
,6000628,6,,,140,0
,6000629,6,,,140,0
,6000630,6,,,140,0
,6000631,6,,,140,0
,6000632,6,,,140,0
,6000633,6,,,140,0
,6000634,6,,,140,0
,6000635,6,,,140,0
,6000636,6,,,140,0
,6000637,6,,,140,0
,6000638,6,,,140,0
,6000639,6,,,140,0
,6000640,6,,,140,0
,6000641,6,,,140,0
,6000642,6,,,140,0
,6000643,6,,,140,0
,6000644,6,,,140,0
,6000645,6,,,140,0
,6000646,6,,,140,0
,6000647,6,,,140,0
,6000648,6,,,140,0
,6000649,6,,,140,0
,6000650,6,,,140,0
,6000651,6,,,140,0
,6000652,6,,,140,0
,6000653,6,,,140,0
,6000654,6,,,140,0
,6000655,6,,,140,0
,6000656,6,,,140,0
,6000657,6,,,140,0
,6000658,6,,,140,0
,6000659,6,,,140,0
,6000700,6,,,140,0
,6000701,6,,,140,0
,6000702,6,,,140,0
,6000703,6,,,140,0
,6000704,6,,,140,0
,6000705,6,,,140,0
,6000706,6,,,140,0
,6000707,6,,,140,0
,6000708,6,,,140,0
,6000709,6,,,140,0
,6000710,6,,,140,0
,6000711,6,,,140,0
,6000712,6,,,140,0
,6000713,6,,,140,0
,6000714,6,,,140,0
,6000715,6,,,140,0
,6000716,6,,,140,0
,6000717,6,,,140,0
,6000718,6,,,140,0
,6000719,6,,,140,0
,6000720,6,,,140,0
,6000721,6,,,140,0
,6000722,6,,,140,0
,6000723,6,,,140,0
,6000724,6,,,140,0
,6000725,6,,,140,0
,6000726,6,,,140,0
,6000727,6,,,140,0
,6000728,6,,,140,0
,6000729,6,,,140,0
,6000730,6,,,140,0
,6000731,6,,,140,0
,6000732,6,,,140,0
,6000733,6,,,140,0
,6000734,6,,,140,0
,6000735,6,,,140,0
,6000736,6,,,140,0
,6000737,6,,,140,0
,6000738,6,,,140,0
,6000739,6,,,140,0
,6000740,6,,,140,0
,6000741,6,,,140,0
,6000742,6,,,140,0
,6000743,6,,,140,0
,6000744,6,,,140,0
,6000745,6,,,140,0
,6000746,6,,,140,0
,6000747,6,,,140,0
,6000748,6,,,140,0
,6000749,6,,,140,0
,6000750,6,,,140,0
,6000751,6,,,140,0
,6000752,6,,,140,0
,6000753,6,,,140,0
,6000754,6,,,140,0
,6000755,6,,,140,0
,6000756,6,,,140,0
,6000757,6,,,140,0
,6000758,6,,,140,0
,6000759,6,,,140,0
,6000800,6,,,140,0
,6000801,6,,,140,0
,6000802,6,,,140,0
,6000803,6,,,140,0
,6000804,6,,,140,0
,6000805,6,,,140,0
,6000806,6,,,140,0
,6000807,6,,,140,0
,6000808,6,,,140,0
,6000809,6,,,140,0
,6000810,6,,,140,0
,6000811,6,,,140,0
,6000812,6,,,140,0
,6000813,6,,,140,0
,6000814,6,,,140,0
,6000815,6,,,140,0
,6000816,6,,,140,0
,6000817,6,,,140,0
,6000818,6,,,140,0
,6000819,6,,,140,0
,6000820,6,,,140,0
,6000821,6,,,140,0
,6000822,6,,,140,0
,6000823,6,,,140,0
,6000824,6,,,140,0
,6000825,6,,,140,0
,6000826,6,,,140,0
,6000827,6,,,140,0
,6000828,6,,,140,0
,6000829,6,,,140,0
,6000830,6,,,140,0
,6000831,6,,,140,0
,6000832,6,,,140,0
,6000833,6,,,140,0
,6000834,6,,,140,0
,6000835,6,,,140,0
,6000836,6,,,140,0
,6000837,6,,,140,0
,6000838,6,,,140,0
,6000839,6,,,140,0
,6000840,6,,,140,0
,6000841,6,,,140,0
,6000842,6,,,140,0
,6000843,6,,,140,0
,6000844,6,,,140,0
,6000845,6,,,140,0
,6000846,6,,,140,0
,6000847,6,,,140,0
,6000848,6,,,140,0
,6000849,6,,,140,0
,6000850,6,,,140,0
,6000851,6,,,140,0
,6000852,6,,,140,0
,6000853,6,,,140,0
,6000854,6,,,140,0
,6000855,6,,,140,0
,6000856,6,,,140,0
,6000857,6,,,140,0
,6000858,6,,,140,0
,6000859,6,,,140,0
,6000900,6,,,140,0
,6000901,6,,,140,0
,6000902,6,,,140,0
,6000903,6,,,140,0
,6000904,6,,,140,0
,6000905,6,,,140,0
,6000906,6,,,140,0
,6000907,6,,,140,0
,6000908,6,,,140,0
,6000909,6,,,140,0
,6000910,6,,,140,0
,6000911,6,,,140,0
,6000912,6,,,140,0
,6000913,6,,,140,0
,6000914,6,,,140,0
,6000915,6,,,140,0
,6000916,6,,,140,0
,6000917,6,,,140,0
,6000918,6,,,140,0
,6000919,6,,,140,0
,6000920,6,,,140,0
,6000921,6,,,140,0
,6000922,6,,,140,0
,6000923,6,,,140,0
,6000924,6,,,140,0
,6000925,6,,,140,0
,6000926,6,,,140,0
,6000927,6,,,140,0
,6000928,6,,,140,0
,6000929,6,,,140,0
,6000930,6,,,140,0
,6000931,6,,,140,0
,6000932,6,,,140,0
,6000933,6,,,140,0
,6000934,6,,,140,0
,6000935,6,,,140,0
,6000936,6,,,140,0
,6000937,6,,,140,0
,6000938,6,,,140,0
,6000939,6,,,140,0
,6000940,6,,,140,0
,6000941,6,,,140,0
,6000942,6,,,140,0
,6000943,6,,,140,0
,6000944,6,,,140,0
,6000945,6,,,140,0
,6000946,6,,,140,0
,6000947,6,,,140,0
,6000948,6,,,140,0
,6000949,6,,,140,0
,6000950,6,,,140,0
,6000951,6,,,140,0
,6000952,6,,,140,0
,6000953,6,,,140,0
,6000954,6,,,140,0
,6000955,6,,,140,0
,6000956,6,,,140,0
,6000957,6,,,140,0
,6000958,6,,,140,0
,6000959,6,,,140,0
,6001000,6,,,140,0
,6001001,6,,,140,0
,6001002,6,,,140,0
,6001003,6,,,140,0
,6001004,6,,,140,0
,6001005,6,,,140,0
,6001006,6,,,140,0
,6001007,6,,,140,0
,6001008,6,,,140,0
,6001009,6,,,140,0
,6001010,6,,,140,0
,6001011,6,,,140,0
,6001012,6,,,140,0
,6001013,6,,,140,0
,6001014,6,,,140,0
,6001015,6,,,140,0
,6001016,6,,,140,0
,6001017,6,,,140,0
,6001018,6,,,140,0
,6001019,6,,,140,0
,6001020,6,,,140,0
,6001021,6,,,140,0
,6001022,6,,,140,0
,6001023,6,,,140,0
,6001024,6,,,140,0
,6001025,6,,,140,0
,6001026,6,,,140,0
,6001027,6,,,140,0
,6001028,6,,,140,0
,6001029,6,,,140,0
,6001030,6,,,140,0
,6001031,6,,,140,0
,6001032,6,,,140,0
,6001033,6,,,140,0
,6001034,6,,,140,0
,6001035,6,,,140,0
,6001036,6,,,140,0
,6001037,6,,,140,0
,6001038,6,,,140,0
,6001039,6,,,140,0
,6001040,6,,,140,0
,6001041,6,,,140,0
,6001042,6,,,140,0
,6001043,6,,,140,0
,6001044,6,,,140,0
,6001045,6,,,140,0
,6001046,6,,,140,0
,6001047,6,,,140,0
,6001048,6,,,140,0
,6001049,6,,,140,0
,6001050,6,,,140,0
,6001051,6,,,140,0
,6001052,6,,,140,0
,6001053,6,,,140,0
,6001054,6,,,140,0
,6001055,6,,,140,0
,6001056,6,,,140,0
,6001057,6,,,140,0
,6001058,6,,,140,0
,6001059,6,,,140,0
,6001100,6,,,140,0
,6001101,6,,,140,0
,6001102,6,,,140,0
,6001103,6,,,140,0
,6001104,6,,,140,0
,6001105,6,,,140,0
,6001106,6,,,140,0
,6001107,6,,,140,0
,6001108,6,,,140,0
,6001109,6,,,140,0
,6001110,6,,,140,0
,6001111,6,,,140,0
,6001112,6,,,140,0
,6001113,6,,,140,0
,6001114,6,,,140,0
,6001115,6,,,140,0
,6001116,6,,,140,0
,6001117,6,,,140,0
,6001118,6,,,140,0
,6001119,6,,,140,0
,6001120,6,,,140,0
,6001121,6,,,140,0
,6001122,6,,,140,0
,6001123,6,,,140,0
,6001124,6,,,140,0
,6001125,6,,,140,0
,6001126,6,,,140,0
,6001127,6,,,140,0
,6001128,6,,,140,0
,6001129,6,,,140,0
,6001130,6,,,140,0
,6001131,6,,,140,0
,6001132,6,,,140,0
,6001133,6,,,140,0
,6001134,6,,,140,0
,6001135,6,,,140,0
,6001136,6,,,140,0
,6001137,6,,,140,0
,6001138,6,,,140,0
,6001139,6,,,140,0
,6001140,6,,,140,0
,6001141,6,,,140,0
,6001142,6,,,140,0
,6001143,6,,,140,0
,6001144,6,,,140,0
,6001145,6,,,140,0
,6001146,6,,,140,0
,6001147,6,,,140,0
,6001148,6,,,140,0
,6001149,6,,,140,0
,6001150,6,,,140,0
,6001151,6,,,140,0
,6001152,6,,,140,0
,6001153,6,,,140,0
,6001154,6,,,140,0
,6001155,6,,,140,0
,6001156,6,,,140,0
,6001157,6,,,140,0
,6001158,6,,,140,0
,6001159,6,,,140,0
,6001200,6,,,140,0
